<?xml version="1.0" encoding="utf-8"?>
<manifest xmlns="http://disclosure.edinet-fsa.go.jp/2013/manifest">
<tocComposition>
<title xml:lang="ja">監査報告書</title>
<title xml:lang="en">Audit Document</title>
<item in="presentation" ref="jpaud" extrole="http://disclosure.edinet-fsa.go.jp/role/jpsps/rol_IndependentAuditorsReport" />
</tocComposition>
<list>
<instance id="jpaud" type="AuditDoc" preferredFilename="jpaud-aar-cn-001_G04956-000_2015-06-30_01_2015-09-25.xbrl">
<ixbrl>jpaud-aar-cn-001_G04956-000_2015-06-30_01_2015-09-25_ixbrl.htm</ixbrl>
</instance>
</list>
</manifest>